,,,,Sierra Leone,Sierra Leone,Sierra Leone,Sierra Leone,Sierra Leone,Sierra Leone,Sierra Leone,Sierra Leone,Sierra Leone,Sierra Leone,Sierra Leone,Sierra Leone,Sierra Leone,Sierra Leone,Sierra Leone,Sierra Leone,Sierra Leone,Sierra Leone,Sierra Leone,Sierra Leone,Sierra Leone,Sierra Leone,Sierra Leone,Sierra Leone,Sierra Leone,Sierra Leone,Sierra Leone,Sierra Leone,Sierra Leone,Sierra Leone,Sierra Leone,Sierra Leone,Sierra Leone,Sierra Leone,Sierra Leone,Sierra Leone,Sierra Leone,Sierra Leone,Sierra Leone,Sierra Leone,Sierra Leone,Sierra Leone,Sierra Leone,Sierra Leone,Sierra Leone,Sierra Leone,Sierra Leone,Sierra Leone,Sierra Leone,Sierra Leone,Sierra Leone,Sierra Leone,Sierra Leone,Sierra Leone,Sierra Leone,Sierra Leone,Sierra Leone,Sierra Leone,Sierra Leone,Sierra Leone,Sierra Leone,Sierra Leone,Sierra Leone,Sierra Leone,Sierra Leone,Sierra Leone,Sierra Leone,Sierra Leone,Sierra Leone,Sierra Leone,Sierra Leone,Sierra Leone,Sierra Leone
Location,Ebola data source,Indicator type,Case definition, 30 December 2013 to 05 January 2014 (2014-W01), 06 to 12 January 2014 (2014-W02), 13 to 19 January 2014 (2014-W03), 20 to 26 January 2014 (2014-W04), 27 January to 02 February 2014 (2014-W05), 03 to 09 February 2014 (2014-W06), 10 to 16 February 2014 (2014-W07), 17 to 23 February 2014 (2014-W08), 24 February to 02 March 2014 (2014-W09), 03 to 09 March 2014 (2014-W10), 10 to 16 March 2014 (2014-W11), 17 to 23 March 2014 (2014-W12), 24 to 30 March 2014 (2014-W13), 31 March to 06 April 2014 (2014-W14), 07 to 13 April 2014 (2014-W15), 14 to 20 April 2014 (2014-W16), 21 to 27 April 2014 (2014-W17), 28 April to 04 May 2014 (2014-W18), 05 to 11 May 2014 (2014-W19), 12 to 18 May 2014 (2014-W20), 19 to 25 May 2014 (2014-W21), 26 May to 01 June 2014 (2014-W22), 02 to 08 June 2014 (2014-W23), 09 to 15 June 2014 (2014-W24), 16 to 22 June 2014 (2014-W25), 23 to 29 June 2014 (2014-W26), 30 June to 06 July 2014 (2014-W27), 07 to 13 July 2014 (2014-W28), 14 to 20 July 2014 (2014-W29), 21 to 27 July 2014 (2014-W30), 28 July to 03 August 2014 (2014-W31), 04 to 10 August 2014 (2014-W32), 11 to 17 August 2014 (2014-W33), 18 to 24 August 2014 (2014-W34), 25 to 31 August 2014 (2014-W35), 01 to 07 September 2014 (2014-W36), 08 to 14 September 2014 (2014-W37), 15 to 21 September 2014 (2014-W38), 22 to 28 September 2014 (2014-W39), 29 September to 05 October 2014 (2014-W40), 06 to 12 October 2014 (2014-W41), 13 to 19 October 2014 (2014-W42), 20 to 26 October 2014 (2014-W43), 27 October to 02 November 2014 (2014-W44), 27 October to 09 November 2014 (2014-W45), 10 to 16 November 2014 (2014-W46), 17 to 23 November 2014 (2014-W47), 24 to 30 November 2014 (2014-W48), 01 to 07 December 2014 (2014-W49), 08 to 14 December 2014 (2014-W50), 15 to 21 December 2014 (2014-W51), 22 to 28 December 2014 (2014-W52), 29 December 2014 to 04 January 2015 (2015-W01), 05 to 11 January 2015 (2015-W02), 12 to 18 January 2015 (2015-W03), 19 to 25 January 2015 (2015-W04), 26 January to 01 February 2015 (2015-W05), 02 to 08 February 2015 (2015-W06), 09 to 15 February 2015 (2015-W07), 16 to 22 February 2015 (2015-W08), 23 February to 01 March 2015 (2015-W09), 02 to 08 March 2015 (2015-W10), 09 to 15 March 2015 (2015-W11), 16 to 22 March 2015 (2015-W12), 23 to 29 March 2015 (2015-W13), 30 March to 05 April 2015 (2015-W14), 06 to 12 April 2015 (2015-W15), 13 to 19 April 2015 (2015-W16), 20 to 26 April 2015 (2015-W17), 27 April to 03 May 2015 (2015-W18), 04 to 10 May 2015 (2015-W19), 11 to 17 May 2015 (2015-W20), 18 to 24 May 2015 (2015-W21)
BO, Situation report, New, Confirmed,,,,,,,,,,,,,,,,,,,,,,,,,,,,,,,,,,,,,,1,20,16,18,21,14,15,12,33,14,23,14,24,2,6,3,4,2,0,0,0,0,0,0,0,0,0,0,0,0,0,0,0,0,0,0
BO, Situation report, New, Probable,,,,,,,,,,,,,,,,,,,,,,,,,,,,,,,,,,,,,,0,0,0,0,0,0,0,0,0,0,0,0,0,0,0,0,0,0,0,0,0,0,0,0,0,0,0,0,0,0,0,0,0,0,0,0
BO, Patient database, New, Confirmed,,,,,,,,,,,,,,,,,,,,,0,0,0,0,1,0,1,1,4,5,7,11,6,11,35,9,15,3,27,18,15,29,14,14,15,20,18,10,19,28,3,4,4,6,2,0,0,0,0,0,0,0,0,0,0,0,0,0,0,0,0,0,0
BO, Patient database, New, Probable,,,,,,,,,,,,,,,,,,,,,0,0,0,0,0,0,0,0,0,0,1,1,1,2,1,0,1,0,1,2,2,1,4,3,8,2,2,1,4,4,1,13,5,1,4,1,1,0,0,0,0,0,1,0,0,0,0,0,0,0,0,0,0
BOMBALI, Situation report, New, Confirmed,,,,,,,,,,,,,,,,,,,,,,,,,,,,,,,,,,,,,,35,79,52,94,72,56,90,69,52,54,66,57,23,33,22,3,4,8,6,0,3,0,20,22,6,6,1,1,0,0,0,0,0,0,0,0
BOMBALI, Situation report, New, Probable,,,,,,,,,,,,,,,,,,,,,,,,,,,,,,,,,,,,,,0,0,0,0,0,3,0,0,0,0,0,0,0,0,0,0,0,0,0,0,0,0,0,0,0,0,0,0,0,0,0,0,0,0,0,0
BOMBALI, Patient database, New, Confirmed,,,,,,,,,,,,,,,,,,,,,0,0,0,1,0,0,1,0,0,5,1,2,1,11,24,32,45,82,80,81,55,64,73,67,61,41,63,68,41,19,19,20,11,14,6,7,6,2,3,22,10,13,4,2,1,0,0,0,0,0,0,0,0
BOMBALI, Patient database, New, Probable,,,,,,,,,,,,,,,,,,,,,0,0,0,0,0,0,0,0,0,0,0,0,0,0,0,0,0,2,1,0,0,1,0,1,0,1,0,1,0,0,0,0,0,1,0,0,0,0,0,0,0,0,0,0,0,0,0,0,0,0,0,0,0
BONTHE, Situation report, New, Confirmed,,,,,,,,,,,,,,,,,,,,,,,,,,,,,,,,,,,,,,0,0,0,0,1,0,0,0,1,0,0,1,0,1,0,0,0,0,0,0,0,0,0,0,0,0,0,0,0,0,0,0,0,0,0,0
BONTHE, Situation report, New, Probable,,,,,,,,,,,,,,,,,,,,,,,,,,,,,,,,,,,,,,0,0,0,0,0,0,0,0,0,0,0,0,0,0,0,0,0,0,0,0,0,0,0,0,0,0,0,0,0,0,0,0,0,0,0,0
BONTHE, Patient database, New, Confirmed,,,,,,,,,,,,,,,,,,,,,0,0,0,0,0,0,0,0,1,0,0,0,0,0,0,0,0,0,0,0,0,0,0,0,0,0,0,0,0,0,0,0,0,0,0,0,0,0,0,0,0,0,0,0,0,0,0,0,0,0,0,0,0
BONTHE, Patient database, New, Probable,,,,,,,,,,,,,,,,,,,,,0,0,0,0,0,0,0,0,0,0,0,0,0,0,0,0,0,0,0,0,0,1,0,0,0,0,0,0,0,0,0,0,0,0,0,0,0,0,0,0,0,0,0,0,0,0,0,0,0,0,0,0,0
KAILAHUN, Situation report, New, Confirmed,,,,,,,,,,,,,,,,,,,,,,,,,,,,,,,,,,,,,,23,0,3,3,11,6,4,3,1,2,1,0,3,0,0,0,0,0,0,0,0,0,0,0,0,0,0,0,0,0,0,0,0,0,0,0
KAILAHUN, Situation report, New, Probable,,,,,,,,,,,,,,,,,,,,,,,,,,,,,,,,,,,,,,0,0,0,0,0,0,0,0,0,0,0,0,0,0,0,0,0,0,0,0,0,0,0,0,0,0,0,0,0,0,0,0,0,0,0,0
KAILAHUN, Patient database, New, Confirmed,,,,,,,,,,,,,,,,,,,,,3,16,28,60,36,30,49,78,36,30,76,44,25,21,26,23,11,7,6,4,4,18,3,3,3,1,3,1,0,2,0,0,0,0,0,0,0,0,0,0,0,0,0,0,0,0,0,0,0,0,0,0,0
KAILAHUN, Patient database, New, Probable,,,,,,,,,,,,,,,,,,,,,0,2,4,7,2,5,4,6,2,7,4,7,3,0,0,2,1,2,2,0,1,12,6,4,2,3,0,0,0,0,0,2,0,0,0,0,0,0,0,0,0,0,0,0,0,0,0,0,0,0,0,0,0
KAMBIA, Situation report, New, Confirmed,,,,,,,,,,,,,,,,,,,,,,,,,,,,,,,,,,,,,,7,4,7,4,2,4,16,6,5,5,14,10,11,7,5,6,17,8,10,1,11,7,8,6,7,4,8,5,2,4,4,8,5,0,1,0
KAMBIA, Situation report, New, Probable,,,,,,,,,,,,,,,,,,,,,,,,,,,,,,,,,,,,,,0,0,0,0,0,0,0,0,0,0,0,0,0,0,0,0,0,0,0,0,0,0,0,0,0,0,0,0,0,0,0,0,0,0,0,0
KAMBIA, Patient database, New, Confirmed,,,,,,,,,,,,,,,,,,,,,0,0,0,0,0,0,0,0,0,0,0,0,0,0,0,0,1,6,8,4,4,3,2,16,9,6,9,10,13,11,10,11,13,19,7,10,6,9,7,9,1,10,2,8,0,0,0,0,0,1,0,0,0
KAMBIA, Patient database, New, Probable,,,,,,,,,,,,,,,,,,,,,0,0,0,0,0,0,0,0,0,0,0,0,0,0,0,0,0,0,0,0,0,0,0,0,0,1,0,1,4,1,0,1,2,2,0,1,0,0,7,1,0,0,0,1,0,1,1,0,0,0,0,0,0
KENEMA, Situation report, New, Confirmed,,,,,,,,,,,,,,,,,,,,,,,,,,,,,,,,,,,,,,8,10,5,13,26,13,10,0,0,1,0,0,1,1,0,1,0,1,0,4,0,0,1,0,0,0,0,0,0,0,0,0,0,0,0,0
KENEMA, Situation report, New, Probable,,,,,,,,,,,,,,,,,,,,,,,,,,,,,,,,,,,,,,0,0,0,0,0,0,0,0,0,0,0,0,0,0,0,0,0,0,0,0,0,0,0,0,0,0,0,0,0,0,0,0,0,0,0,0
KENEMA, Patient database, New, Confirmed,,,,,,,,,,,,,,,,,,,,,0,0,1,1,19,17,32,23,31,46,42,45,51,46,24,29,25,6,10,7,22,18,8,12,1,0,2,1,0,4,2,0,0,0,1,0,4,0,0,1,0,0,0,0,0,0,0,0,0,0,0,0,0
KENEMA, Patient database, New, Probable,,,,,,,,,,,,,,,,,,,,,0,0,0,0,1,0,1,0,0,0,0,0,1,0,0,0,0,0,0,0,0,0,0,0,0,0,0,0,0,0,0,0,0,0,0,0,0,0,0,1,0,0,0,0,0,0,0,0,0,0,0,0,0
KOINADUGU, Situation report, New, Confirmed,,,,,,,,,,,,,,,,,,,,,,,,,,,,,,,,,,,,,,0,0,0,0,2,11,10,25,25,5,6,2,3,1,7,5,1,0,0,1,0,1,0,1,0,2,0,0,0,0,1,0,0,0,0,0
KOINADUGU, Situation report, New, Probable,,,,,,,,,,,,,,,,,,,,,,,,,,,,,,,,,,,,,,0,0,0,0,0,0,0,0,0,0,0,0,0,0,0,0,0,0,0,0,0,0,0,0,0,0,0,0,0,0,0,0,0,0,0,0
KOINADUGU, Patient database, New, Confirmed,,,,,,,,,,,,,,,,,,,,,0,0,0,0,0,0,0,0,0,0,0,1,0,0,0,0,0,0,0,1,5,8,23,31,35,17,2,9,1,2,1,9,1,1,0,0,0,0,0,0,0,0,0,0,0,0,0,0,0,0,0,0,0
KOINADUGU, Patient database, New, Probable,,,,,,,,,,,,,,,,,,,,,0,0,0,0,0,0,0,0,0,0,0,0,0,0,0,0,0,0,0,0,1,0,3,4,3,1,0,1,1,1,0,0,0,0,0,0,0,0,0,0,0,0,0,0,0,0,0,0,0,0,0,0,0
KONO, Situation report, New, Confirmed,,,,,,,,,,,,,,,,,,,,,,,,,,,,,,,,,,,,,,3,0,7,6,3,4,1,7,12,16,15,24,12,13,39,32,14,13,1,5,5,0,1,1,0,0,0,0,0,0,0,0,0,0,0,0
KONO, Situation report, New, Probable,,,,,,,,,,,,,,,,,,,,,,,,,,,,,,,,,,,,,,0,0,0,0,0,0,0,0,0,0,0,0,0,0,0,0,0,0,0,0,0,0,0,0,0,0,0,0,0,0,0,0,0,0,0,0
KONO, Patient database, New, Confirmed,,,,,,,,,,,,,,,,,,,,,0,0,0,0,0,0,2,0,0,0,2,0,0,0,3,8,5,4,5,8,6,3,6,3,12,30,27,29,20,48,20,68,44,28,5,6,5,2,0,1,1,0,0,0,0,0,0,0,0,0,0,0,0
KONO, Patient database, New, Probable,,,,,,,,,,,,,,,,,,,,,0,0,0,0,0,0,0,0,0,0,0,0,0,0,0,0,0,0,0,11,10,9,0,2,0,0,1,4,11,5,2,20,19,8,11,3,6,11,0,7,2,0,2,0,0,0,0,0,0,0,0,0,0
MOYAMBA, Situation report, New, Confirmed,,,,,,,,,,,,,,,,,,,,,,,,,,,,,,,,,,,,,,24,13,13,9,10,8,3,41,10,10,3,10,3,5,5,11,4,4,0,3,2,0,1,0,0,0,1,0,0,0,0,0,0,0,0,0
MOYAMBA, Situation report, New, Probable,,,,,,,,,,,,,,,,,,,,,,,,,,,,,,,,,,,,,,0,0,0,0,0,0,0,0,0,0,0,0,0,0,0,0,0,0,0,0,0,0,0,0,0,0,0,0,0,0,0,0,0,0,0,0
MOYAMBA, Patient database, New, Confirmed,,,,,,,,,,,,,,,,,,,,,0,0,0,1,0,0,0,0,0,4,6,6,5,3,0,13,3,65,14,10,6,8,8,6,44,14,7,1,13,4,5,1,13,4,5,1,2,2,0,1,0,0,0,1,0,0,0,0,0,0,0,0,0
MOYAMBA, Patient database, New, Probable,,,,,,,,,,,,,,,,,,,,,0,0,0,0,0,0,0,0,0,0,0,0,0,0,1,0,0,1,2,0,0,0,0,1,6,2,0,0,0,2,0,0,1,1,2,4,1,5,2,0,1,2,1,1,1,0,0,0,0,0,0,0,0
PORT LOKO, Situation report, New, Confirmed,,,,,,,,,,,,,,,,,,,,,,,,,,,,,,,,,,,,,,44,83,53,55,46,53,64,56,95,72,94,76,56,92,69,41,41,31,6,36,28,13,15,16,12,11,6,6,1,1,1,0,0,0,3,1
PORT LOKO, Situation report, New, Probable,,,,,,,,,,,,,,,,,,,,,,,,,,,,,,,,,,,,,,0,0,0,0,0,3,5,0,0,0,0,0,0,0,0,0,0,0,0,0,0,0,0,0,0,0,0,0,0,0,0,0,0,0,0,0
PORT LOKO, Patient database, New, Confirmed,,,,,,,,,,,,,,,,,,,,,0,0,3,1,0,0,0,2,0,1,6,13,17,32,27,32,53,69,105,42,81,62,61,67,82,89,78,88,54,78,77,55,54,35,33,13,30,33,10,20,17,12,11,11,2,1,2,0,0,0,0,0,0
PORT LOKO, Patient database, New, Probable,,,,,,,,,,,,,,,,,,,,,0,0,0,0,0,0,0,0,0,0,1,3,2,6,8,11,4,6,5,10,25,46,75,90,70,33,46,13,14,20,7,26,1,13,11,4,11,7,4,1,1,1,5,0,2,1,0,0,0,1,0,0,0
PUJEHUN, Situation report, New, Confirmed,,,,,,,,,,,,,,,,,,,,,,,,,,,,,,,,,,,,,,3,6,5,0,1,1,2,0,0,2,1,0,0,0,0,0,0,0,0,0,0,0,0,0,0,0,0,0,0,0,0,0,0,0,0,0
PUJEHUN, Situation report, New, Probable,,,,,,,,,,,,,,,,,,,,,,,,,,,,,,,,,,,,,,0,0,0,0,0,0,0,0,0,0,0,0,0,0,0,0,0,0,0,0,0,0,0,0,0,0,0,0,0,0,0,0,0,0,0,0
PUJEHUN, Patient database, New, Confirmed,,,,,,,,,,,,,,,,,,,,,0,0,0,0,0,0,0,0,0,0,2,1,0,4,0,3,0,3,6,3,0,1,1,1,0,0,0,0,0,0,0,0,0,0,0,0,0,0,0,0,0,0,0,0,0,0,0,0,0,0,0,0,0
PUJEHUN, Patient database, New, Probable,,,,,,,,,,,,,,,,,,,,,0,0,0,0,0,0,0,0,0,0,0,0,0,0,0,0,0,0,0,5,1,3,1,0,0,0,0,0,0,0,0,0,0,0,0,0,0,0,0,0,0,0,0,0,0,0,0,0,0,0,0,0,0
TONKOLILI, Situation report, New, Confirmed,,,,,,,,,,,,,,,,,,,,,,,,,,,,,,,,,,,,,,24,18,26,27,21,37,30,56,29,31,40,13,14,14,13,3,9,3,6,1,0,4,0,1,0,0,0,0,0,0,0,0,0,0,0,0
TONKOLILI, Situation report, New, Probable,,,,,,,,,,,,,,,,,,,,,,,,,,,,,,,,,,,,,,0,0,0,0,0,1,0,0,0,0,0,0,0,0,0,0,0,0,0,0,0,0,0,0,0,0,0,0,0,0,0,0,0,0,0,0
TONKOLILI, Patient database, New, Confirmed,,,,,,,,,,,,,,,,,,,,,0,0,0,0,0,0,0,0,0,0,0,1,0,3,3,7,6,15,27,61,20,42,36,29,61,31,27,33,8,16,22,18,4,15,3,5,0,2,3,0,1,0,0,0,0,0,0,0,0,0,0,0,0
TONKOLILI, Patient database, New, Probable,,,,,,,,,,,,,,,,,,,,,0,0,0,0,0,0,0,0,0,0,0,1,0,3,4,2,3,19,4,19,21,11,2,1,3,1,0,7,1,0,3,4,1,0,0,0,0,1,0,0,0,0,0,0,0,0,0,0,1,0,0,0,0
WESTERN AREA RURAL, Situation report, New, Confirmed,,,,,,,,,,,,,,,,,,,,,,,,,,,,,,,,,,,,,,31,64,52,65,72,102,75,69,102,55,72,57,52,31,22,50,31,17,16,7,8,4,3,8,6,3,4,3,1,0,0,2,0,0,0,0
WESTERN AREA RURAL, Situation report, New, Probable,,,,,,,,,,,,,,,,,,,,,,,,,,,,,,,,,,,,,,0,0,0,0,0,0,0,0,0,0,0,0,0,0,0,0,0,0,0,0,0,0,0,0,0,0,0,0,0,0,0,0,0,0,0,0
WESTERN AREA RURAL, Patient database, New, Confirmed,,,,,,,,,,,,,,,,,,,,,0,0,0,0,0,1,0,0,1,0,1,3,10,23,15,20,29,59,57,60,59,112,109,100,67,60,65,105,61,40,27,37,65,49,14,15,6,11,16,2,6,7,1,6,6,0,1,4,1,0,0,0,0
WESTERN AREA RURAL, Patient database, New, Probable,,,,,,,,,,,,,,,,,,,,,0,0,0,0,0,0,1,0,0,0,0,0,0,0,2,0,1,1,2,1,1,2,4,13,10,20,28,18,21,10,12,7,11,6,0,7,5,2,4,3,4,10,6,4,8,6,2,0,2,3,0,0,0
WESTERN AREA URBAN, Situation report, New, Confirmed,,,,,,,,,,,,,,,,,,,,,,,,,,,,,,,,,,,,,,51,53,76,77,98,90,115,77,168,118,202,133,125,115,149,93,59,30,20,22,19,67,14,26,27,29,13,10,5,4,6,1,4,2,4,2
WESTERN AREA URBAN, Situation report, New, Probable,,,,,,,,,,,,,,,,,,,,,,,,,,,,,,,,,,,,,,0,0,0,0,0,2,0,0,0,0,0,0,0,0,0,0,0,0,0,0,0,0,0,0,0,0,0,0,0,0,0,0,0,0,0,0
WESTERN AREA URBAN, Patient database, New, Confirmed,,,,,,,,,,,,,,,,,,,,,0,0,0,0,1,1,1,2,1,5,0,6,9,13,28,33,35,63,44,57,87,87,111,145,105,128,116,207,137,136,160,173,126,104,40,41,20,24,52,22,27,43,14,6,7,8,5,6,0,3,0,0,0
WESTERN AREA URBAN, Patient database, New, Probable,,,,,,,,,,,,,,,,,,,,,0,0,0,0,0,0,0,0,0,0,0,0,0,0,0,0,2,5,4,0,2,2,8,4,17,32,31,38,28,31,40,38,22,23,28,15,13,8,12,8,7,9,11,8,11,14,8,2,4,4,0,0,0
